{
    "data": [
        {"ra":83.633083, "dec":22.0145, "name":"crab"},
        {"ra":93.633083, "dec":22.0145, "name":"other"}
    ]
}
